CREATE DATABASE  IF NOT EXISTS `routing` /*!40100 DEFAULT CHARACTER SET latin1 */;
USE `routing`;
-- MySQL dump 10.13  Distrib 5.7.12, for Win64 (x86_64)
--
-- Host: 127.0.0.1    Database: routing
-- ------------------------------------------------------
-- Server version	5.5.5-10.1.25-MariaDB

/*!40101 SET @OLD_CHARACTER_SET_CLIENT=@@CHARACTER_SET_CLIENT */;
/*!40101 SET @OLD_CHARACTER_SET_RESULTS=@@CHARACTER_SET_RESULTS */;
/*!40101 SET @OLD_COLLATION_CONNECTION=@@COLLATION_CONNECTION */;
/*!40101 SET NAMES utf8 */;
/*!40103 SET @OLD_TIME_ZONE=@@TIME_ZONE */;
/*!40103 SET TIME_ZONE='+00:00' */;
/*!40014 SET @OLD_UNIQUE_CHECKS=@@UNIQUE_CHECKS, UNIQUE_CHECKS=0 */;
/*!40014 SET @OLD_FOREIGN_KEY_CHECKS=@@FOREIGN_KEY_CHECKS, FOREIGN_KEY_CHECKS=0 */;
/*!40101 SET @OLD_SQL_MODE=@@SQL_MODE, SQL_MODE='NO_AUTO_VALUE_ON_ZERO' */;
/*!40111 SET @OLD_SQL_NOTES=@@SQL_NOTES, SQL_NOTES=0 */;

--
-- Table structure for table `interchange`
--

DROP TABLE IF EXISTS `interchange`;
/*!40101 SET @saved_cs_client     = @@character_set_client */;
/*!40101 SET character_set_client = utf8 */;
CREATE TABLE `interchange` (
  `idinterchange` int(11) NOT NULL AUTO_INCREMENT,
  `name` varchar(45) DEFAULT NULL,
  PRIMARY KEY (`idinterchange`)
) ENGINE=InnoDB AUTO_INCREMENT=33 DEFAULT CHARSET=latin1;
/*!40101 SET character_set_client = @saved_cs_client */;

--
-- Dumping data for table `interchange`
--

LOCK TABLES `interchange` WRITE;
/*!40000 ALTER TABLE `interchange` DISABLE KEYS */;
INSERT INTO `interchange` VALUES (4,NULL),(5,NULL),(6,NULL),(7,NULL),(8,NULL),(9,NULL),(10,NULL),(11,NULL),(12,NULL),(13,NULL),(14,NULL),(15,NULL),(16,NULL),(17,NULL),(18,NULL),(19,NULL),(20,NULL),(21,NULL),(22,NULL),(23,NULL),(24,NULL),(25,NULL),(26,NULL),(27,NULL),(28,NULL),(29,NULL),(30,NULL),(31,NULL),(32,NULL);
/*!40000 ALTER TABLE `interchange` ENABLE KEYS */;
UNLOCK TABLES;

--
-- Table structure for table `line`
--

DROP TABLE IF EXISTS `line`;
/*!40101 SET @saved_cs_client     = @@character_set_client */;
/*!40101 SET character_set_client = utf8 */;
CREATE TABLE `line` (
  `idline` int(11) NOT NULL AUTO_INCREMENT,
  `name` varchar(45) NOT NULL,
  `idlinetype` int(11) NOT NULL,
  `linecolor` varchar(9) DEFAULT '#000000',
  `enabled` tinyint(1) NOT NULL DEFAULT '1',
  PRIMARY KEY (`idline`),
  KEY `fk_line_linetype1_idx` (`idlinetype`),
  CONSTRAINT `fk_line_linetype` FOREIGN KEY (`idlinetype`) REFERENCES `linetype` (`idlinetype`) ON DELETE CASCADE ON UPDATE CASCADE
) ENGINE=InnoDB AUTO_INCREMENT=8 DEFAULT CHARSET=latin1;
/*!40101 SET character_set_client = @saved_cs_client */;

--
-- Dumping data for table `line`
--

LOCK TABLES `line` WRITE;
/*!40000 ALTER TABLE `line` DISABLE KEYS */;
INSERT INTO `line` VALUES (1,'AL',1,'#FF0000',1),(2,'ADL',1,'#000000',0),(3,'LH',1,'#000000',0),(4,'GA',1,'#F4A742',1),(5,'ABG',1,'#2EA52C',1),(6,'LDG',1,'#7F7F7F',1),(7,'ASD',1,'#0B69BC',1);
/*!40000 ALTER TABLE `line` ENABLE KEYS */;
UNLOCK TABLES;

--
-- Table structure for table `linepoint`
--

DROP TABLE IF EXISTS `linepoint`;
/*!40101 SET @saved_cs_client     = @@character_set_client */;
/*!40101 SET character_set_client = utf8 */;
CREATE TABLE `linepoint` (
  `idline` int(11) NOT NULL,
  `idpoint` int(11) NOT NULL,
  `sequence` int(11) NOT NULL,
  `keep` tinyint(1) NOT NULL DEFAULT '1',
  `stop` tinyint(1) NOT NULL DEFAULT '0',
  `idinterchange` int(11) DEFAULT NULL,
  PRIMARY KEY (`idline`,`idpoint`),
  KEY `fk_line_has_point_point1_idx` (`idpoint`),
  KEY `fk_line_has_point_line1_idx` (`idline`),
  KEY `fk_linepoint_interchange1_idx` (`idinterchange`),
  CONSTRAINT `fk_line_has_point_line1` FOREIGN KEY (`idline`) REFERENCES `line` (`idline`) ON DELETE CASCADE ON UPDATE CASCADE,
  CONSTRAINT `fk_line_has_point_point1` FOREIGN KEY (`idpoint`) REFERENCES `point` (`idpoint`) ON DELETE CASCADE ON UPDATE CASCADE,
  CONSTRAINT `fk_linepoint_interchange1` FOREIGN KEY (`idinterchange`) REFERENCES `interchange` (`idinterchange`) ON DELETE SET NULL ON UPDATE CASCADE
) ENGINE=InnoDB DEFAULT CHARSET=latin1;
/*!40101 SET character_set_client = @saved_cs_client */;

--
-- Dumping data for table `linepoint`
--

LOCK TABLES `linepoint` WRITE;
/*!40000 ALTER TABLE `linepoint` DISABLE KEYS */;
INSERT INTO `linepoint` VALUES (1,637,0,1,0,NULL),(1,638,1,1,0,NULL),(1,639,2,1,0,NULL),(1,640,5,1,0,NULL),(1,641,13,1,1,30),(1,642,18,1,1,29),(1,643,23,1,0,NULL),(1,644,24,1,0,NULL),(1,645,27,1,0,NULL),(1,646,30,1,0,NULL),(1,647,34,1,0,NULL),(1,648,36,1,0,NULL),(1,649,38,1,1,NULL),(1,650,42,1,0,NULL),(1,651,44,1,0,NULL),(1,652,45,1,0,NULL),(1,653,47,1,1,14),(1,654,49,1,0,NULL),(1,655,52,1,0,NULL),(1,656,54,1,0,NULL),(1,657,55,1,0,NULL),(1,658,57,1,0,NULL),(1,659,58,1,1,16),(1,660,60,1,1,17),(1,661,61,1,0,NULL),(1,662,62,1,1,NULL),(1,663,64,1,0,NULL),(1,664,65,1,0,NULL),(1,665,66,1,0,NULL),(1,666,67,1,0,NULL),(1,667,68,1,1,19),(1,668,69,1,0,NULL),(1,669,70,1,1,18),(1,670,72,1,0,NULL),(1,671,74,1,0,NULL),(1,672,76,1,1,24),(1,673,80,1,0,NULL),(1,674,82,1,0,NULL),(1,675,83,1,0,NULL),(1,676,84,1,0,NULL),(1,677,85,1,0,NULL),(1,678,87,1,0,NULL),(1,679,88,1,0,NULL),(1,680,89,1,0,NULL),(1,681,92,1,0,NULL),(1,682,95,1,0,NULL),(1,683,99,1,0,NULL),(1,684,101,1,0,NULL),(1,685,103,1,0,NULL),(1,686,104,1,0,NULL),(1,687,106,1,0,NULL),(1,688,109,1,0,NULL),(1,689,110,1,0,NULL),(1,690,111,1,0,NULL),(1,691,114,1,0,NULL),(1,692,115,1,1,23),(1,693,119,1,0,NULL),(1,694,123,1,0,NULL),(1,695,125,1,0,NULL),(1,696,127,1,0,NULL),(1,697,131,1,0,NULL),(1,698,135,1,0,NULL),(1,699,138,1,1,22),(1,700,141,1,0,NULL),(1,701,144,1,0,NULL),(1,702,147,1,0,NULL),(1,703,150,1,0,NULL),(1,704,156,1,0,NULL),(1,705,158,1,0,NULL),(1,706,160,1,0,NULL),(1,707,163,1,0,NULL),(1,708,164,1,0,NULL),(1,709,166,1,0,NULL),(1,710,168,1,0,NULL),(1,711,170,1,0,NULL),(1,712,171,1,0,NULL),(1,713,174,1,0,NULL),(1,714,175,1,0,NULL),(1,715,176,1,0,NULL),(1,716,178,1,0,NULL),(1,717,181,1,1,4),(1,718,185,1,0,NULL),(1,719,189,1,0,NULL),(1,720,193,1,0,NULL),(1,721,195,1,0,NULL),(1,722,3,1,0,NULL),(1,723,4,1,0,NULL),(1,724,6,1,0,NULL),(1,725,7,1,0,NULL),(1,726,8,1,0,NULL),(1,727,9,1,0,NULL),(1,728,10,1,0,NULL),(1,729,11,1,0,NULL),(1,730,12,1,0,NULL),(1,731,14,1,0,NULL),(1,732,15,1,0,NULL),(1,733,16,1,0,NULL),(1,734,17,1,0,NULL),(1,735,19,1,0,NULL),(1,736,20,1,0,NULL),(1,737,21,1,0,NULL),(1,738,22,1,0,NULL),(1,739,25,1,0,NULL),(1,740,26,1,0,NULL),(1,741,28,1,0,NULL),(1,742,29,1,0,NULL),(1,743,31,1,0,NULL),(1,744,32,1,0,NULL),(1,745,33,1,0,NULL),(1,746,35,1,0,NULL),(1,747,37,1,0,NULL),(1,748,39,1,0,NULL),(1,749,40,1,0,NULL),(1,750,41,1,0,NULL),(1,751,43,1,0,NULL),(1,752,46,1,0,NULL),(1,753,48,1,0,NULL),(1,754,50,1,0,NULL),(1,755,51,1,0,NULL),(1,756,53,1,0,NULL),(1,757,56,1,0,NULL),(1,758,59,1,0,NULL),(1,759,63,1,0,NULL),(1,760,71,1,0,NULL),(1,761,73,1,0,NULL),(1,762,75,1,0,NULL),(1,763,77,1,0,NULL),(1,764,78,1,0,NULL),(1,765,79,1,0,NULL),(1,766,81,1,0,NULL),(1,767,86,1,0,NULL),(1,768,90,1,0,NULL),(1,769,91,1,0,NULL),(1,770,93,1,0,NULL),(1,771,94,1,0,NULL),(1,772,96,1,0,NULL),(1,773,97,1,0,NULL),(1,774,98,1,0,NULL),(1,775,100,1,0,NULL),(1,776,102,1,0,NULL),(1,777,105,1,0,NULL),(1,778,107,1,0,NULL),(1,779,108,1,0,NULL),(1,780,112,1,0,NULL),(1,781,113,1,0,NULL),(1,782,116,1,0,NULL),(1,783,117,1,0,NULL),(1,784,118,1,0,NULL),(1,785,120,1,0,NULL),(1,786,121,1,0,NULL),(1,787,122,1,0,NULL),(1,788,124,1,0,NULL),(1,789,126,1,0,NULL),(1,790,128,1,0,NULL),(1,791,129,1,1,21),(1,792,130,1,0,NULL),(1,793,132,1,0,NULL),(1,794,133,1,0,NULL),(1,795,134,1,0,NULL),(1,796,136,1,0,NULL),(1,797,137,1,0,NULL),(1,798,139,1,0,NULL),(1,799,140,1,0,NULL),(1,800,142,1,0,NULL),(1,801,143,1,0,NULL),(1,802,145,1,0,NULL),(1,803,146,1,0,NULL),(1,804,148,1,0,NULL),(1,805,149,1,0,NULL),(1,806,151,1,0,NULL),(1,807,152,1,0,NULL),(1,808,153,1,0,NULL),(1,809,154,1,0,NULL),(1,810,155,1,0,NULL),(1,811,157,1,0,NULL),(1,812,159,1,0,NULL),(1,813,161,1,0,NULL),(1,814,162,1,0,NULL),(1,815,165,1,0,NULL),(1,816,167,1,0,NULL),(1,817,169,1,0,NULL),(1,818,172,1,0,NULL),(1,819,173,1,0,NULL),(1,820,177,1,0,NULL),(1,821,179,1,0,NULL),(1,822,180,1,0,NULL),(1,823,182,1,1,8),(1,824,183,1,1,8),(1,825,184,1,0,NULL),(1,826,186,1,0,NULL),(1,827,187,1,0,NULL),(1,828,188,1,0,NULL),(1,829,190,1,0,NULL),(1,830,191,1,0,NULL),(1,831,192,1,0,NULL),(1,832,194,1,0,NULL),(4,1319,0,1,0,NULL),(4,1320,1,1,0,NULL),(4,1321,2,1,0,NULL),(4,1322,3,1,0,NULL),(4,1323,4,1,0,NULL),(4,1324,5,1,0,NULL),(4,1325,6,1,0,NULL),(4,1326,7,1,0,NULL),(4,1327,8,1,0,NULL),(4,1328,9,1,1,32),(4,1329,10,1,0,NULL),(4,1330,11,1,0,NULL),(4,1331,12,1,0,NULL),(4,1332,13,1,0,NULL),(4,1333,14,1,0,NULL),(4,1334,15,1,0,NULL),(4,1335,16,1,0,NULL),(4,1336,17,1,0,NULL),(4,1337,18,1,0,NULL),(4,1338,19,1,0,NULL),(4,1339,20,1,0,NULL),(4,1340,21,1,0,NULL),(4,1341,22,1,0,NULL),(4,1342,23,1,0,NULL),(4,1343,24,1,0,NULL),(4,1344,25,1,0,NULL),(4,1345,26,1,0,NULL),(4,1346,27,1,0,NULL),(4,1347,28,1,0,NULL),(4,1348,29,1,0,NULL),(4,1349,30,1,0,NULL),(4,1350,31,1,0,NULL),(4,1351,32,1,0,NULL),(4,1352,33,1,1,28),(4,1353,34,1,1,27),(4,1354,35,1,0,NULL),(4,1355,36,1,0,NULL),(4,1356,37,1,0,NULL),(4,1357,38,1,0,NULL),(4,1358,39,1,1,26),(4,1359,40,1,0,NULL),(4,1360,41,1,0,NULL),(4,1361,42,1,0,NULL),(4,1362,43,1,1,25),(4,1363,44,1,0,NULL),(4,1364,45,1,0,NULL),(4,1365,46,1,0,NULL),(4,1366,47,1,0,NULL),(4,1367,48,1,0,NULL),(4,1368,49,1,1,19),(4,1369,50,1,0,NULL),(4,1370,51,1,0,NULL),(4,1371,52,1,1,18),(4,1372,53,1,0,NULL),(4,1373,54,1,0,NULL),(4,1374,55,1,0,NULL),(4,1375,56,1,0,NULL),(4,1376,57,1,0,NULL),(4,1377,58,1,0,NULL),(4,1378,59,1,0,NULL),(4,1379,60,1,0,NULL),(4,1380,61,1,0,NULL),(4,1381,62,1,0,NULL),(4,1382,63,1,1,17),(4,1383,64,1,0,NULL),(4,1384,65,1,1,16),(4,1385,66,1,0,NULL),(4,1386,67,1,0,NULL),(4,1387,68,1,0,NULL),(4,1388,69,1,0,NULL),(4,1389,70,1,1,15),(4,1390,71,1,0,NULL),(4,1391,72,1,0,NULL),(4,1392,73,1,0,NULL),(4,1393,74,1,0,NULL),(4,1394,75,1,0,NULL),(4,1395,76,1,1,14),(4,1396,77,1,0,NULL),(4,1397,78,1,0,NULL),(4,1398,79,1,1,13),(4,1399,80,1,0,NULL),(4,1400,81,1,0,NULL),(4,1401,82,1,0,NULL),(4,1402,83,1,0,NULL),(4,1403,84,1,1,10),(4,1404,85,1,0,NULL),(4,1405,86,1,0,NULL),(4,1406,87,1,0,NULL),(4,1407,88,1,0,NULL),(4,1408,89,1,0,NULL),(4,1409,90,1,0,NULL),(4,1410,91,1,0,NULL),(4,1411,92,1,0,NULL),(4,1412,93,1,0,NULL),(4,1413,94,1,0,NULL),(4,1414,95,1,0,NULL),(4,1415,96,1,0,NULL),(4,1416,97,1,0,NULL),(4,1417,98,1,0,NULL),(4,1418,99,1,0,NULL),(4,1419,100,1,0,NULL),(4,1420,101,1,1,NULL),(4,1421,102,1,0,NULL),(4,1422,103,1,0,NULL),(4,1423,104,1,0,NULL),(4,1424,105,1,0,NULL),(4,1425,106,1,0,NULL),(4,1426,107,1,0,NULL),(4,1427,108,1,0,NULL),(4,1428,109,1,1,12),(4,1429,110,1,0,NULL),(4,1430,111,1,0,NULL),(4,1431,112,1,0,NULL),(4,1432,113,1,0,NULL),(4,1433,114,1,0,NULL),(4,1434,115,1,0,NULL),(4,1435,116,1,0,NULL),(4,1436,117,1,0,NULL),(4,1437,118,1,0,NULL),(4,1438,119,1,0,NULL),(4,1439,120,1,0,NULL),(4,1440,121,1,0,NULL),(4,1441,122,1,0,NULL),(4,1442,123,1,0,NULL),(4,1443,124,1,0,NULL),(5,833,0,1,0,NULL),(5,834,1,1,0,NULL),(5,835,2,1,0,NULL),(5,836,3,1,0,NULL),(5,837,4,1,0,NULL),(5,838,5,1,0,NULL),(5,839,6,1,0,NULL),(5,840,7,1,0,NULL),(5,841,8,1,0,NULL),(5,842,11,1,0,NULL),(5,843,14,1,1,30),(5,844,15,1,1,12),(5,845,16,1,0,NULL),(5,846,17,1,0,NULL),(5,847,18,1,0,NULL),(5,848,19,1,0,NULL),(5,849,21,1,1,NULL),(5,850,22,1,0,NULL),(5,851,24,1,0,NULL),(5,852,27,1,0,NULL),(5,853,28,1,0,NULL),(5,854,29,1,0,NULL),(5,855,30,1,0,NULL),(5,856,34,1,0,NULL),(5,857,37,1,0,NULL),(5,858,39,1,0,NULL),(5,859,41,1,0,NULL),(5,860,43,1,0,NULL),(5,861,44,1,0,NULL),(5,862,46,1,0,NULL),(5,863,50,1,0,NULL),(5,864,51,1,1,6),(5,865,53,1,0,NULL),(5,866,54,1,0,NULL),(5,867,61,1,0,NULL),(5,868,62,1,0,NULL),(5,869,65,1,0,NULL),(5,870,68,1,0,NULL),(5,871,71,1,0,NULL),(5,872,74,1,0,NULL),(5,873,76,1,0,NULL),(5,874,78,1,0,NULL),(5,875,79,1,0,NULL),(5,876,80,1,0,NULL),(5,877,82,1,0,NULL),(5,878,83,1,0,NULL),(5,879,86,1,0,NULL),(5,880,88,1,0,NULL),(5,881,89,1,0,NULL),(5,882,91,1,0,NULL),(5,883,93,1,1,13),(5,884,94,1,0,NULL),(5,885,96,1,1,14),(5,886,99,1,0,NULL),(5,887,101,1,0,NULL),(5,888,103,1,0,NULL),(5,889,109,1,0,NULL),(5,890,111,1,1,16),(5,891,113,1,0,NULL),(5,892,115,1,0,NULL),(5,893,117,1,0,NULL),(5,894,118,1,0,NULL),(5,895,121,1,0,NULL),(5,896,124,1,0,NULL),(5,897,127,1,0,NULL),(5,898,133,1,0,NULL),(5,899,138,1,0,NULL),(5,900,142,1,0,NULL),(5,901,144,1,0,NULL),(5,902,147,1,0,NULL),(5,903,148,1,0,NULL),(5,904,153,1,0,NULL),(5,905,155,1,0,NULL),(5,906,156,1,0,NULL),(5,1024,9,1,0,NULL),(5,1025,10,1,0,NULL),(5,1026,12,1,0,NULL),(5,1027,13,1,0,NULL),(5,1028,20,1,0,NULL),(5,1029,23,1,0,NULL),(5,1030,25,1,0,NULL),(5,1031,26,1,0,NULL),(5,1032,31,1,0,NULL),(5,1033,32,1,0,NULL),(5,1034,33,1,0,NULL),(5,1035,35,1,0,NULL),(5,1036,36,1,0,NULL),(5,1037,38,1,0,NULL),(5,1038,40,1,0,NULL),(5,1039,42,1,0,NULL),(5,1040,45,1,0,NULL),(5,1041,47,1,0,NULL),(5,1042,48,1,0,NULL),(5,1043,49,1,0,NULL),(5,1044,52,1,0,NULL),(5,1045,55,1,0,NULL),(5,1046,56,1,0,NULL),(5,1047,57,1,0,NULL),(5,1048,58,1,0,NULL),(5,1049,59,1,0,NULL),(5,1050,60,1,0,NULL),(5,1051,63,1,0,NULL),(5,1052,64,1,0,NULL),(5,1053,66,1,0,NULL),(5,1054,67,1,0,NULL),(5,1055,69,1,0,NULL),(5,1056,70,1,0,NULL),(5,1057,72,1,0,NULL),(5,1058,73,1,0,NULL),(5,1059,75,1,0,NULL),(5,1060,77,1,0,NULL),(5,1061,81,1,1,9),(5,1062,84,1,0,NULL),(5,1063,85,1,0,NULL),(5,1064,87,1,0,NULL),(5,1065,90,1,0,NULL),(5,1066,92,1,0,NULL),(5,1067,95,1,0,NULL),(5,1068,97,1,0,NULL),(5,1069,98,1,0,NULL),(5,1070,100,1,0,NULL),(5,1071,102,1,0,NULL),(5,1072,104,1,0,NULL),(5,1073,105,1,1,15),(5,1074,106,1,0,NULL),(5,1075,107,1,0,NULL),(5,1076,108,1,0,NULL),(5,1077,110,1,0,NULL),(5,1078,112,1,1,17),(5,1079,114,1,0,NULL),(5,1080,116,1,0,NULL),(5,1081,119,1,0,NULL),(5,1082,120,1,0,NULL),(5,1083,122,1,0,NULL),(5,1084,123,1,0,NULL),(5,1085,125,1,0,NULL),(5,1086,126,1,0,NULL),(5,1087,128,1,0,NULL),(5,1088,129,1,0,NULL),(5,1089,130,1,1,31),(5,1090,131,1,0,NULL),(5,1091,132,1,0,NULL),(5,1092,134,1,0,NULL),(5,1093,135,1,0,NULL),(5,1094,136,1,0,NULL),(5,1095,137,1,0,NULL),(5,1096,139,1,0,NULL),(5,1097,140,1,0,NULL),(5,1098,141,1,0,NULL),(5,1099,143,1,0,NULL),(5,1100,145,1,0,NULL),(5,1101,146,1,0,NULL),(5,1102,149,1,0,NULL),(5,1103,150,1,0,NULL),(5,1104,151,1,0,NULL),(5,1105,152,1,0,NULL),(5,1106,154,1,0,NULL),(5,1107,157,1,0,NULL),(5,1108,158,1,1,32),(5,1109,159,1,0,NULL),(5,1110,160,1,0,NULL),(5,1111,161,1,0,NULL),(5,1112,162,1,0,NULL),(5,1113,163,1,0,NULL),(5,1114,164,1,0,NULL),(5,1115,165,1,0,NULL),(5,1116,166,1,0,NULL),(5,1117,167,1,0,NULL),(5,1118,168,1,0,NULL),(5,1119,169,1,0,NULL),(5,1120,170,1,0,NULL),(5,1121,171,1,0,NULL),(5,1122,172,1,0,NULL),(5,1123,173,1,0,NULL),(5,1124,174,1,0,NULL),(5,1125,175,1,0,NULL),(5,1126,176,1,0,NULL),(5,1127,177,1,0,NULL),(5,1128,178,1,0,NULL),(6,907,0,1,0,NULL),(6,908,1,1,0,NULL),(6,909,2,1,0,NULL),(6,910,3,1,0,NULL),(6,911,4,1,0,NULL),(6,912,5,1,0,NULL),(6,913,6,1,0,NULL),(6,914,7,1,0,NULL),(6,915,8,1,0,NULL),(6,916,9,1,0,NULL),(6,917,10,1,0,NULL),(6,918,11,1,0,NULL),(6,919,12,1,0,NULL),(6,920,13,1,0,NULL),(6,921,14,1,0,NULL),(6,922,15,1,0,NULL),(6,923,16,1,0,NULL),(6,924,17,1,0,NULL),(6,925,18,1,0,NULL),(6,926,19,1,0,NULL),(6,927,20,1,0,NULL),(6,928,21,1,1,4),(6,929,22,1,0,NULL),(6,930,23,1,0,NULL),(6,931,24,1,0,NULL),(6,932,25,1,0,NULL),(6,933,26,1,0,NULL),(6,934,27,1,0,NULL),(6,935,28,1,1,7),(6,936,29,1,0,NULL),(6,937,30,1,0,NULL),(6,938,31,1,0,NULL),(6,939,32,1,0,NULL),(6,940,33,1,0,NULL),(6,941,34,1,0,NULL),(6,942,35,1,0,NULL),(6,943,36,1,0,NULL),(6,944,37,1,1,20),(6,945,38,1,0,NULL),(6,946,39,1,0,NULL),(6,947,40,1,0,NULL),(6,948,41,1,0,NULL),(6,949,42,1,0,NULL),(6,950,43,1,0,NULL),(6,951,44,1,0,NULL),(6,952,45,1,0,NULL),(6,953,46,1,0,NULL),(6,954,47,1,0,NULL),(6,955,48,1,0,NULL),(6,956,49,1,0,NULL),(6,957,50,1,0,NULL),(6,958,51,1,0,NULL),(6,959,52,1,0,NULL),(6,960,53,1,0,NULL),(6,961,54,1,1,24),(6,962,55,1,0,NULL),(6,963,56,1,0,NULL),(6,964,57,1,0,NULL),(6,965,58,1,1,25),(6,966,59,1,1,NULL),(6,967,60,1,1,26),(6,968,61,1,0,NULL),(6,969,62,1,1,27),(6,970,63,1,1,28),(6,971,64,1,0,NULL),(6,972,65,1,0,NULL),(6,973,66,1,0,NULL),(6,974,67,1,0,NULL),(6,975,68,1,0,NULL),(6,976,69,1,0,NULL),(6,977,70,1,0,NULL),(6,978,71,1,0,NULL),(6,979,72,1,0,NULL),(6,980,73,1,0,NULL),(6,981,74,1,0,NULL),(6,982,75,1,0,NULL),(6,983,76,1,1,31),(6,984,77,1,0,NULL),(6,985,83,1,0,NULL),(6,986,87,1,0,NULL),(6,987,89,1,0,NULL),(6,988,92,1,0,NULL),(6,989,96,1,0,NULL),(6,990,98,1,0,NULL),(6,991,78,1,0,NULL),(6,992,79,1,0,NULL),(6,993,80,1,0,NULL),(6,994,81,1,0,NULL),(6,995,82,1,0,NULL),(6,996,84,1,0,NULL),(6,997,85,1,0,NULL),(6,998,86,1,0,NULL),(6,999,88,1,0,NULL),(6,1000,90,1,0,NULL),(6,1001,91,1,0,NULL),(6,1002,93,1,0,NULL),(6,1003,94,1,0,NULL),(6,1004,95,1,0,NULL),(6,1005,97,1,0,NULL),(6,1006,99,1,0,NULL),(6,1007,100,1,1,32),(6,1008,101,1,0,NULL),(6,1009,102,1,0,NULL),(6,1010,103,1,0,NULL),(6,1011,104,1,0,NULL),(6,1012,105,1,0,NULL),(6,1013,106,1,0,NULL),(6,1014,107,1,0,NULL),(6,1015,108,1,0,NULL),(6,1016,109,1,0,NULL),(6,1017,110,1,0,NULL),(6,1018,111,1,0,NULL),(6,1019,112,1,0,NULL),(6,1020,113,1,0,NULL),(6,1021,114,1,0,NULL),(6,1022,115,1,0,NULL),(6,1023,116,1,0,NULL),(7,1129,0,1,0,NULL),(7,1130,1,1,0,NULL),(7,1131,2,1,0,NULL),(7,1132,3,1,0,NULL),(7,1133,4,1,0,NULL),(7,1134,5,1,0,NULL),(7,1135,6,1,0,NULL),(7,1136,7,1,0,NULL),(7,1137,8,1,0,NULL),(7,1138,9,1,0,NULL),(7,1139,10,1,0,NULL),(7,1140,11,1,0,NULL),(7,1141,12,1,0,NULL),(7,1142,13,1,0,NULL),(7,1143,14,1,0,NULL),(7,1144,15,1,0,NULL),(7,1145,16,1,0,NULL),(7,1146,17,1,0,NULL),(7,1147,18,1,0,NULL),(7,1148,19,1,1,29),(7,1149,20,1,0,NULL),(7,1150,21,1,0,NULL),(7,1151,22,1,0,NULL),(7,1152,23,1,0,NULL),(7,1153,24,1,0,NULL),(7,1154,25,1,0,NULL),(7,1155,26,1,0,NULL),(7,1156,27,1,0,NULL),(7,1157,28,1,0,NULL),(7,1158,29,1,0,NULL),(7,1159,30,1,0,NULL),(7,1160,31,1,0,NULL),(7,1161,32,1,0,NULL),(7,1162,33,1,0,NULL),(7,1163,34,1,0,NULL),(7,1164,35,1,0,NULL),(7,1165,36,1,0,NULL),(7,1166,37,1,0,NULL),(7,1167,38,1,0,NULL),(7,1168,39,1,0,NULL),(7,1169,40,1,0,NULL),(7,1170,41,1,0,NULL),(7,1171,42,1,0,NULL),(7,1172,43,1,0,NULL),(7,1173,44,1,0,NULL),(7,1174,45,1,0,NULL),(7,1175,46,1,0,NULL),(7,1176,47,1,0,NULL),(7,1177,48,1,0,NULL),(7,1178,49,1,0,NULL),(7,1179,50,1,0,NULL),(7,1180,51,1,0,NULL),(7,1181,52,1,0,NULL),(7,1182,53,1,0,NULL),(7,1183,54,1,0,NULL),(7,1184,55,1,0,NULL),(7,1185,56,1,0,NULL),(7,1186,57,1,0,NULL),(7,1187,58,1,0,NULL),(7,1188,59,1,0,NULL),(7,1189,60,1,0,NULL),(7,1190,61,1,0,NULL),(7,1191,62,1,0,NULL),(7,1192,63,1,0,NULL),(7,1193,64,1,0,NULL),(7,1194,65,1,0,NULL),(7,1195,66,1,0,NULL),(7,1196,67,1,0,NULL),(7,1197,68,1,0,NULL),(7,1198,69,1,1,11),(7,1199,70,1,1,11),(7,1200,71,1,1,NULL),(7,1201,72,1,0,NULL),(7,1202,73,1,0,NULL),(7,1203,74,1,1,10),(7,1204,75,1,0,NULL),(7,1205,76,1,0,NULL),(7,1206,77,1,0,NULL),(7,1207,78,1,0,NULL),(7,1208,79,1,0,NULL),(7,1209,80,1,0,NULL),(7,1210,81,1,1,9),(7,1211,82,1,0,NULL),(7,1212,83,1,0,NULL),(7,1213,84,1,0,NULL),(7,1214,85,1,0,NULL),(7,1215,86,1,0,NULL),(7,1216,87,1,0,NULL),(7,1217,88,1,0,NULL),(7,1218,89,1,0,NULL),(7,1219,90,1,0,NULL),(7,1220,91,1,0,NULL),(7,1221,92,1,0,NULL),(7,1222,93,1,0,NULL),(7,1223,94,1,0,NULL),(7,1224,95,1,0,NULL),(7,1225,96,1,0,NULL),(7,1226,97,1,0,NULL),(7,1227,98,1,0,NULL),(7,1228,99,1,0,NULL),(7,1229,100,1,0,NULL),(7,1230,101,1,0,NULL),(7,1231,102,1,1,6),(7,1232,103,1,0,NULL),(7,1233,104,1,0,NULL),(7,1234,105,1,1,7),(7,1235,106,1,0,NULL),(7,1236,107,1,0,NULL),(7,1237,108,1,0,NULL),(7,1238,109,1,0,NULL),(7,1239,110,1,0,NULL),(7,1240,111,1,0,NULL),(7,1241,112,1,0,NULL),(7,1242,113,1,1,20),(7,1243,114,1,0,NULL),(7,1244,115,1,0,NULL),(7,1245,116,1,0,NULL),(7,1246,117,1,0,NULL),(7,1247,118,1,0,NULL),(7,1248,119,1,0,NULL),(7,1249,120,1,0,NULL),(7,1250,121,1,0,NULL),(7,1251,122,1,0,NULL),(7,1252,123,1,0,NULL),(7,1253,124,1,0,NULL),(7,1254,125,1,0,NULL),(7,1255,126,1,0,NULL),(7,1256,127,1,1,22),(7,1257,128,1,0,NULL),(7,1258,129,1,0,NULL),(7,1259,130,1,0,NULL),(7,1260,131,1,0,NULL),(7,1261,132,1,1,21),(7,1262,133,1,0,NULL),(7,1263,134,1,0,NULL),(7,1264,135,1,0,NULL),(7,1265,136,1,0,NULL),(7,1266,137,1,0,NULL),(7,1267,138,1,0,NULL),(7,1268,139,1,0,NULL),(7,1269,140,1,0,NULL),(7,1270,141,1,1,23),(7,1271,142,1,0,NULL),(7,1272,143,1,0,NULL),(7,1273,144,1,0,NULL),(7,1274,145,1,0,NULL),(7,1275,146,1,0,NULL),(7,1276,147,1,0,NULL),(7,1277,148,1,0,NULL),(7,1278,149,1,0,NULL),(7,1279,150,1,0,NULL),(7,1280,151,1,0,NULL),(7,1281,152,1,0,NULL),(7,1282,153,1,0,NULL),(7,1283,154,1,0,NULL),(7,1284,155,1,0,NULL),(7,1285,156,1,0,NULL),(7,1286,157,1,0,NULL),(7,1287,158,1,0,NULL),(7,1288,159,1,0,NULL),(7,1289,160,1,0,NULL),(7,1290,161,1,0,NULL),(7,1291,162,1,0,NULL),(7,1292,163,1,0,NULL),(7,1293,164,1,0,NULL),(7,1294,165,1,0,NULL),(7,1295,166,1,0,NULL),(7,1296,167,1,0,NULL),(7,1297,168,1,0,NULL),(7,1298,169,1,0,NULL),(7,1299,170,1,0,NULL),(7,1300,171,1,0,NULL),(7,1301,172,1,0,NULL),(7,1302,173,1,0,NULL),(7,1303,174,1,0,NULL),(7,1304,175,1,0,NULL),(7,1305,176,1,0,NULL),(7,1306,177,1,0,NULL),(7,1307,178,1,0,NULL),(7,1308,179,1,0,NULL),(7,1309,180,1,0,NULL),(7,1310,181,1,0,NULL),(7,1311,182,1,0,NULL),(7,1312,183,1,0,NULL),(7,1313,184,1,0,NULL),(7,1314,185,1,0,NULL),(7,1315,186,1,0,NULL),(7,1316,187,1,0,NULL),(7,1317,188,1,0,NULL),(7,1318,189,1,0,NULL);
/*!40000 ALTER TABLE `linepoint` ENABLE KEYS */;
UNLOCK TABLES;

--
-- Table structure for table `linetype`
--

DROP TABLE IF EXISTS `linetype`;
/*!40101 SET @saved_cs_client     = @@character_set_client */;
/*!40101 SET character_set_client = utf8 */;
CREATE TABLE `linetype` (
  `idlinetype` int(11) NOT NULL AUTO_INCREMENT,
  `type` varchar(45) NOT NULL,
  PRIMARY KEY (`idlinetype`)
) ENGINE=InnoDB AUTO_INCREMENT=2 DEFAULT CHARSET=latin1;
/*!40101 SET character_set_client = @saved_cs_client */;

--
-- Dumping data for table `linetype`
--

LOCK TABLES `linetype` WRITE;
/*!40000 ALTER TABLE `linetype` DISABLE KEYS */;
INSERT INTO `linetype` VALUES (1,'Public Transport');
/*!40000 ALTER TABLE `linetype` ENABLE KEYS */;
UNLOCK TABLES;

--
-- Table structure for table `path`
--

DROP TABLE IF EXISTS `path`;
/*!40101 SET @saved_cs_client     = @@character_set_client */;
/*!40101 SET character_set_client = utf8 */;
CREATE TABLE `path` (
  `idpath` int(11) NOT NULL,
  `start` int(11) NOT NULL,
  `end` int(11) NOT NULL,
  PRIMARY KEY (`idpath`),
  KEY `fk_start_idx` (`start`),
  KEY `fk_end_idx` (`end`),
  CONSTRAINT `fk_line_point` FOREIGN KEY (`start`) REFERENCES `point` (`idpoint`) ON DELETE CASCADE ON UPDATE CASCADE,
  CONSTRAINT `fk_line_point1` FOREIGN KEY (`end`) REFERENCES `point` (`idpoint`) ON DELETE CASCADE ON UPDATE CASCADE
) ENGINE=InnoDB DEFAULT CHARSET=latin1;
/*!40101 SET character_set_client = @saved_cs_client */;

--
-- Dumping data for table `path`
--

LOCK TABLES `path` WRITE;
/*!40000 ALTER TABLE `path` DISABLE KEYS */;
/*!40000 ALTER TABLE `path` ENABLE KEYS */;
UNLOCK TABLES;

--
-- Table structure for table `point`
--

DROP TABLE IF EXISTS `point`;
/*!40101 SET @saved_cs_client     = @@character_set_client */;
/*!40101 SET character_set_client = utf8 */;
CREATE TABLE `point` (
  `idpoint` int(11) NOT NULL AUTO_INCREMENT,
  `lat` double NOT NULL,
  `lng` double NOT NULL,
  PRIMARY KEY (`idpoint`)
) ENGINE=InnoDB AUTO_INCREMENT=1444 DEFAULT CHARSET=latin1;
/*!40101 SET character_set_client = @saved_cs_client */;

--
-- Dumping data for table `point`
--

LOCK TABLES `point` WRITE;
/*!40000 ALTER TABLE `point` DISABLE KEYS */;
INSERT INTO `point` VALUES (637,-7.93452983683518,112.65835762023926),(638,-7.93452983683518,112.65805721282959),(639,-7.935603073859498,112.65797138214111),(640,-7.936277830355885,112.65918374061584),(641,-7.93237272820249,112.64989525079727),(642,-7.9394922063294695,112.64967530965805),(643,-7.9437638339923735,112.64821887016296),(644,-7.943296294821485,112.64727473258972),(645,-7.944401386549259,112.64654517173767),(646,-7.943094402742212,112.6439219713211),(647,-7.946834703040699,112.64245748519897),(648,-7.952445089575324,112.64052629470825),(649,-7.958129777958759,112.6384824514389),(650,-7.963591254777635,112.63683557510376),(651,-7.96550381699364,112.63672292232513),(652,-7.966162586355282,112.63778507709503),(653,-7.966752290287974,112.63821959495544),(654,-7.966959483359988,112.63854146003723),(655,-7.967235740626224,112.63872921466827),(656,-7.967384494461588,112.63848781585693),(657,-7.967581061946852,112.63831079006195),(658,-7.973488667717725,112.63854146003723),(659,-7.973424917031574,112.6366800069809),(660,-7.975895248852173,112.63677656650543),(661,-7.97748369089287,112.63684093952179),(662,-7.977674941023336,112.63686776161194),(663,-7.977308378194673,112.63464689254761),(664,-7.977550097198305,112.63453423976898),(665,-7.977704159785398,112.63426870107651),(666,-7.977728066043707,112.63393610715866),(667,-7.977589940976398,112.63361692428589),(668,-7.977311034448235,112.63347208499908),(669,-7.976968377596033,112.63346940279007),(670,-7.976554001484175,112.63155698776245),(671,-7.976495563793591,112.63011127710342),(672,-7.976474313722205,112.62953996658325),(673,-7.976591189101106,112.62758195400238),(674,-7.976325563191654,112.627512216568),(675,-7.976022749444414,112.62691676616669),(676,-7.975496809245196,112.62622743844986),(677,-7.975571184667973,112.62613356113434),(678,-7.975472902856433,112.62592703104019),(679,-7.975369308488979,112.62593775987625),(680,-7.975255089027774,112.62602090835571),(681,-7.974280237909768,112.62516260147095),(682,-7.97339835424274,112.62403607368469),(683,-7.972463342977118,112.62205123901367),(684,-7.9724952183963556,112.62169182300568),(685,-7.974535240061505,112.62108564376831),(686,-7.9744768020824335,112.6208844780922),(687,-7.972691783426804,112.62134313583374),(688,-7.971831146649106,112.62166768312454),(689,-7.971384889829409,112.62088179588318),(690,-7.970550813278123,112.61962652206421),(691,-7.969142973204535,112.61800110340118),(692,-7.968890624000262,112.6177328824997),(693,-7.968056542365485,112.61680483818054),(694,-7.96746418399403,112.61540472507477),(695,-7.96610680350686,112.61571854352951),(696,-7.965020364610382,112.61637568473816),(697,-7.966709789132043,112.61938512325287),(698,-7.964247370877675,112.62081742286682),(699,-7.963519533520781,112.62179911136627),(700,-7.962070495808099,112.62117549777031),(701,-7.961033188852942,112.62114197015762),(702,-7.960074242058812,112.62160331010818),(703,-7.958225407556448,112.61930465698242),(704,-7.956012639206617,112.6153752207756),(705,-7.956429692498154,112.6133930683136),(706,-7.956743146285133,112.61284053325653),(707,-7.9545356827371,112.61075645685196),(708,-7.95428332453477,112.61057138442993),(709,-7.953592659186859,112.6103138923645),(710,-7.952564628226342,112.60952264070511),(711,-7.952083816996034,112.6091980934143),(712,-7.951276265374117,112.608962059021),(713,-7.948819067273516,112.60883331298828),(714,-7.948088546081543,112.60876893997192),(715,-7.9470578448790015,112.6088547706604),(716,-7.9449326795904165,112.60961651802063),(717,-7.942783595005105,112.61007785797119),(718,-7.93207519508917,112.6026964187622),(719,-7.927612172560422,112.60282516479492),(720,-7.924147983606027,112.59900569915771),(721,-7.925088418153485,112.59838879108429),(722,-7.935711991321685,112.65811756253242),(723,-7.935799656575154,112.65925079584122),(724,-7.936191493464412,112.65878442674875),(725,-7.935823565277413,112.65761263668537),(726,-7.935094349233179,112.65607070177794),(727,-7.934386384149345,112.65446439385414),(728,-7.9339095364357135,112.65335027128458),(729,-7.933347678949184,112.65222005546093),(730,-7.932759255273746,112.65090208500624),(731,-7.932485631336473,112.64986541122198),(732,-7.933621302312774,112.64970682561398),(733,-7.93595373485415,112.64974638819695),(734,-7.938700568960714,112.64979667961597),(735,-7.940618560224851,112.64945805072784),(736,-7.941086102444174,112.64934808015823),(737,-7.941420819842491,112.64926627278328),(738,-7.9417236591583,112.64913082122803),(739,-7.9438594669390215,112.64701187610626),(740,-7.944257937310282,112.64672487974167),(741,-7.943901970463714,112.64573514461517),(742,-7.943030647328127,112.64409631490707),(743,-7.943920565754376,112.64364168047905),(744,-7.944778604679259,112.64331310987473),(745,-7.945732274321285,112.64293357729912),(746,-7.949358323900865,112.64160454273224),(747,-7.955345884336898,112.6394909620285),(748,-7.960897714511238,112.63748735189438),(749,-7.9622285487499225,112.63709709048271),(750,-7.963021468890653,112.63690732419491),(751,-7.964382844111541,112.63677388429642),(752,-7.9663618107518746,112.6380130648613),(753,-7.9668346362650535,112.63841271400452),(754,-7.966962139680749,112.63862997293472),(755,-7.967109565455632,112.6387332379818),(756,-7.967355274962489,112.63865947723389),(757,-7.970460499154636,112.63844758272171),(758,-7.9743705511900265,112.63672024011612),(759,-7.9776643160184495,112.6365002989769),(760,-7.976601814133892,112.63189628720284),(761,-7.976554001484175,112.63078451156616),(762,-7.976506188828858,112.63002946972847),(763,-7.976474313722205,112.62926369905472),(764,-7.976482282499101,112.62845769524574),(765,-7.976539392062311,112.62780793011189),(766,-7.976402594723163,112.62754440307617),(767,-7.975579153462463,112.62601286172867),(768,-7.974714538354249,112.62561053037643),(769,-7.974441606477381,112.6253516972065),(770,-7.973810077275712,112.62461006641388),(771,-7.973492652135274,112.62419164180756),(772,-7.973161945346198,112.62351304292679),(773,-7.97284186342023,112.62282773852348),(774,-7.97270041634826,112.6225521415472),(775,-7.97250318725078,112.62186080217361),(776,-7.97275819051033,112.62157917022705),(777,-7.973578981172749,112.62111380696297),(778,-7.972426154984867,112.62140214443207),(779,-7.971985211390491,112.62158319354057),(780,-7.969860175356632,112.61877357959747),(781,-7.969525481175397,112.61838465929031),(782,-7.968623664935859,112.617427110672),(783,-7.968447684362856,112.61726886034012),(784,-7.968172424031854,112.616977840662),(785,-7.967792239072459,112.6162388920784),(786,-7.967614929983775,112.61579498648643),(787,-7.96749705592162,112.61551670730114),(788,-7.966667287971697,112.61555761098862),(789,-7.965635305317822,112.61601760983467),(790,-7.9653457653157576,112.6169040799141),(791,-7.965942111243371,112.61793404817581),(792,-7.966363138914194,112.61868372559547),(793,-7.9655117859841935,112.62002348899841),(794,-7.965220917728766,112.62016229331493),(795,-7.964435306773397,112.62066151946783),(796,-7.963895405893974,112.62122511863708),(797,-7.963836302310442,112.62131363153458),(798,-7.96281161747848,112.62143701314926),(799,-7.962445705423492,112.62126535177231),(800,-7.961709895800773,112.62111984193325),(801,-7.961367557931044,112.62109469622374),(802,-7.960742317417063,112.62121841311455),(803,-7.960363121696315,112.62140415608883),(804,-7.959181702305958,112.62059882283211),(805,-7.958350257275377,112.61951185762882),(806,-7.957826950752249,112.6185804605484),(807,-7.957548030758813,112.61807352304459),(808,-7.957055271639926,112.61726751923561),(809,-7.956540596725603,112.61639513075352),(810,-7.956070747771873,112.61557806283236),(811,-7.956129520426656,112.61474758386612),(812,-7.956522666104039,112.61316239833832),(813,-7.955696528467308,112.61185079813004),(814,-7.955078916445616,112.61122047901154),(815,-7.953868925465617,112.610402405262),(816,-7.953024187604712,112.6098820567131),(817,-7.952255155869265,112.60927185416222),(818,-7.9506759134670455,112.60888159275055),(819,-7.950116735347425,112.60888695716858),(820,-7.946011202349362,112.60927855968475),(821,-7.943487560910282,112.61012613773346),(822,-7.943099715692934,112.61030048131943),(823,-7.937493186211185,112.60632276535034),(824,-7.935049852401726,112.60468125343323),(825,-7.933254368027486,112.60344207286835),(826,-7.931565137822641,112.60262131690979),(827,-7.929588659939921,112.6029109954834),(828,-7.92860041743713,112.60297536849976),(829,-7.927193761715936,112.60251134634018),(830,-7.925749908963166,112.60104954242706),(831,-7.924956916841763,112.6001188158989),(832,-7.924944962174975,112.59841293096542),(833,-7.934667976411276,112.65868484973907),(834,-7.933961338860358,112.65871703624725),(835,-7.933860390539647,112.65814304351807),(836,-7.935571195572417,112.65796065330505),(837,-7.935704021752259,112.65805721282959),(838,-7.935794343530032,112.65924274921417),(839,-7.936288456433585,112.65918374061584),(840,-7.936192821724426,112.6587438583374),(841,-7.935879352243917,112.6577165722847),(842,-7.933594736945654,112.65268206596375),(843,-7.9323621020235855,112.6498818397522),(844,-7.9302660828646685,112.65068113803864),(845,-7.9294212964572415,112.64907717704773),(846,-7.929482397419127,112.64883577823639),(847,-7.933382213946872,112.64662027359009),(848,-7.936564734357294,112.64478027820587),(849,-7.939168113362914,112.64338552951813),(850,-7.94182991851443,112.64216780662537),(851,-7.940459170710265,112.63899207115173),(852,-7.939518771315392,112.63678729534149),(853,-7.939157487359679,112.63591289520264),(854,-7.939173426364425,112.63512432575226),(855,-7.938875898173878,112.63412654399872),(856,-7.939184052367242,112.63314485549927),(857,-7.939460328344096,112.63206660747528),(858,-7.938939654232851,112.63042509555817),(859,-7.937627340025222,112.62767314910889),(860,-7.937026968160487,112.6264500617981),(861,-7.937048220276868,112.62632131576538),(862,-7.939486893332081,112.62503385543823),(863,-7.943301607769601,112.62067258358002),(864,-7.944560774533795,112.61950850486755),(865,-7.9461918413521335,112.62203514575958),(866,-7.947520066872427,112.62462079524994),(867,-7.950362455042551,112.62993693351746),(868,-7.95084061186529,112.63161599636078),(869,-7.951956308950902,112.63177692890167),(870,-7.952774484884967,112.6319432258606),(871,-7.955696528467308,112.63159990310669),(872,-7.956705956865309,112.63158917427063),(873,-7.9576197530609765,112.6316750049591),(874,-7.957864140070359,112.63168573379517),(875,-7.958352913651975,112.63147115707397),(876,-7.9589373160822365,112.63114929199219),(877,-7.959633285161981,112.63205051422119),(878,-7.96053644938105,112.63158917427063),(879,-7.9612908556145,112.63119757175446),(880,-7.962066511279372,112.63054847717285),(881,-7.962565905245304,112.6314228773117),(882,-7.964451908880197,112.63487219810486),(883,-7.96550381699364,112.63672292232513),(884,-7.966183836962198,112.63781189918518),(885,-7.966720414421435,112.63821959495544),(886,-7.966975421284261,112.63864874839783),(887,-7.967363243916986,112.63865947723389),(888,-7.967575749313357,112.63831615447998),(889,-7.973478042604051,112.63855218887329),(890,-7.973430229589129,112.63667464256287),(891,-7.977478378387971,112.63683557510376),(892,-7.979746811701944,112.63705551624298),(893,-7.980352433455233,112.63728618621826),(894,-7.980888992329015,112.63790845870972),(895,-7.982960846714328,112.6371306180954),(896,-7.987104523962796,112.63571441173553),(897,-7.990621304231212,112.6344108581543),(898,-7.995808765428702,112.63310194015503),(899,-7.998382550417811,112.63235360383987),(900,-8.001782365334295,112.63111174106598),(901,-8.003816928510712,112.63040900230408),(902,-8.007046710286925,112.62986183166504),(903,-8.010010862471916,112.62945413589478),(904,-8.016863389741072,112.62839734554291),(905,-8.02177164065646,112.627694606781),(906,-8.022616236300491,112.62761950492859),(907,-7.9246102313639675,112.59852290153503),(908,-7.924078912057384,112.59888231754303),(909,-7.924759000646905,112.59985864162445),(910,-7.9254231485756,112.60067403316498),(911,-7.925858829034706,112.60117828845978),(912,-7.926597359491042,112.60197758674622),(913,-7.927436838544035,112.60273396968842),(914,-7.927824698540707,112.60287344455719),(915,-7.928690740775207,112.6029646396637),(916,-7.928951084403412,112.60298609733582),(917,-7.930125285250592,112.60281980037689),(918,-7.931469502014728,112.60262131690979),(919,-7.931883923688351,112.60263204574585),(920,-7.932181456940076,112.6027500629425),(921,-7.933275952406274,112.60344743728638),(922,-7.935045203478749,112.60467052459717),(923,-7.936012178324169,112.60534107685089),(924,-7.93658067346261,112.60573267936707),(925,-7.938403040427762,112.606982588768),(926,-7.939555962292797,112.60780334472656),(927,-7.940714193903917,112.60855436325073),(928,-7.942828755118261,112.61011004447937),(929,-7.943126280445533,112.6103138923645),(930,-7.944528896941845,112.61134386062622),(931,-7.945230203393135,112.61179447174072),(932,-7.946101521860683,112.61232018470764),(933,-7.947344741350003,112.61325359344482),(934,-7.948386067596692,112.614004611969),(935,-7.949884297662528,112.61536717414856),(936,-7.951977560294522,112.61788845062256),(937,-7.952923243970358,112.61901497840881),(938,-7.954347078200542,112.62031316757202),(939,-7.9550058654998,112.62080669403076),(940,-7.957885391107768,112.62345671653748),(941,-7.958841686650675,112.62442767620087),(942,-7.959808605430802,112.62536644935608),(943,-7.960509885755958,112.62574195861816),(944,-7.961104910545113,112.62587070465088),(945,-7.96186994114707,112.62592434883118),(946,-7.962135576438586,112.62596726417542),(947,-7.962263081317336,112.62608528137207),(948,-7.96377188603554,112.62732982635498),(949,-7.964728167838285,112.62775897979736),(950,-7.9664707200476945,112.62874603271484),(951,-7.966938232793338,112.62889623641968),(952,-7.968436395040501,112.62902498245239),(953,-7.968659525118805,112.62905716896057),(954,-7.970922694753057,112.6287031173706),(955,-7.971804583756789,112.62859582901001),(956,-7.972728971394908,112.62863874435425),(957,-7.97288834836279,112.62867093086243),(958,-7.973536480725803,112.62910008430481),(959,-7.974375863735293,112.6298725605011),(960,-7.975358683424171,112.62957751750946),(961,-7.9763946259447165,112.62944340705872),(962,-7.9783921282158206,112.62952923774719),(963,-7.979295251038749,112.62961506843567),(964,-7.979550250062806,112.62977600097656),(965,-7.980272746433711,112.63049483299255),(966,-7.98058086949751,112.63063430786133),(967,-7.9815583618176,112.63044118881226),(968,-7.983215843451069,112.62989401817322),(969,-7.98307240780624,112.62923955917358),(970,-7.984682071598486,112.6288104057312),(971,-7.985213312382022,112.630934715271),(972,-7.985872049994019,112.63314485549927),(973,-7.988151061438334,112.63218462467194),(974,-7.988209497461961,112.63235628604889),(975,-7.989348998250894,112.63204246759415),(976,-7.990382249130375,112.63165354728699),(977,-7.991890950086852,112.63108491897583),(978,-7.9922043766985595,112.63105809688568),(979,-7.992533739997217,112.63114929199219),(980,-7.992671860011097,112.6312404870987),(981,-7.992873727639588,112.63142824172974),(982,-7.993245588799059,112.63250648975372),(983,-7.993569638961695,112.63361692428589),(984,-7.997739769723509,112.63254404067993),(985,-8.003896610934934,112.63040363788605),(986,-8.01002148663449,112.62944340705872),(987,-8.013596501596812,112.62883722782135),(988,-8.016868701732959,112.62839198112488),(989,-8.020942979074073,112.62782335281372),(990,-8.02262686013389,112.62761414051056),(991,-7.9987544065551734,112.63225570321083),(992,-7.999269692356396,112.6320531964302),(993,-8.000799609248407,112.63146579265594),(994,-8.002334832579972,112.63092666864395),(995,-8.003113066419987,112.63064101338387),(996,-8.00521004064898,112.6301421225071),(997,-8.006948436054675,112.62988060712814),(998,-8.008479652141926,112.62965127825737),(999,-8.01268283062593,112.6290088891983),(1000,-8.015309629138446,112.6286306977272),(1001,-8.015632333751814,112.62859717011452),(1002,-8.017714635555095,112.62829542160034),(1003,-8.018815542086216,112.62812376022339),(1004,-8.019974877105657,112.6279628276825),(1005,-8.021846007638961,112.62769997119904),(1006,-8.022892455878758,112.62832760810852),(1007,-8.022977446480478,112.62852609157562),(1008,-8.023381151595919,112.63009250164032),(1009,-8.023795480113268,112.63145506381989),(1010,-8.023774232507272,112.63157308101654),(1011,-8.024422283990585,112.6335096359253),(1012,-8.02462413588089,112.63402998447418),(1013,-8.024719749899218,112.63459324836731),(1014,-8.024671942892859,112.63533890247345),(1015,-8.024597576427364,112.63643860816956),(1016,-8.024990656162268,112.63783872127533),(1017,-8.025442166199403,112.63934075832367),(1018,-8.025585586929735,112.63971626758575),(1019,-8.025782126366883,112.64005959033966),(1020,-8.026249571132777,112.64063358306885),(1021,-8.026525788241672,112.6427149772644),(1022,-8.026446110248752,112.64288663864136),(1023,-8.025176572120662,112.64295637607574),(1024,-7.935381254060694,112.65666648745537),(1025,-7.9348884683307785,112.65559762716293),(1026,-7.93326001317282,112.65200078487396),(1027,-7.932957167619739,112.65133023262024),(1028,-7.938155985321486,112.64387100934982),(1029,-7.941420819842491,112.64131486415863),(1030,-7.940044757682918,112.63785481452942),(1031,-7.939611748752586,112.63690799474716),(1032,-7.938820111614168,112.6338703930378),(1033,-7.93888121117918,112.63360351324081),(1034,-7.93904325780758,112.63332590460777),(1035,-7.939322190378899,112.63290882110596),(1036,-7.939428450356256,112.63251185417175),(1037,-7.939417824359749,112.63162404298782),(1038,-7.938283497652951,112.62910276651382),(1039,-7.936992433469023,112.62653052806854),(1040,-7.937733600440896,112.62591898441315),(1041,-7.939962406326412,112.62451887130737),(1042,-7.9414706289558215,112.6227942109108),(1043,-7.9421606505844515,112.62197077274323),(1044,-7.945363026449748,112.6207423210144),(1045,-7.9478308710235845,112.62517064809799),(1046,-7.948060653428436,112.62554749846458),(1047,-7.948234982479235,112.62594480067492),(1048,-7.9486674842331,112.62670135125518),(1049,-7.949153114257978,112.62768320739269),(1050,-7.950049992539954,112.62945380061865),(1051,-7.951233762613139,112.63158649206161),(1052,-7.951595035941119,112.63166025280952),(1053,-7.952020062978431,112.63180643320084),(1054,-7.95238664844436,112.6318909227848),(1055,-7.953438587527476,112.63188421726227),(1056,-7.954525057131699,112.63174206018448),(1057,-7.9560684234294206,112.63160794973373),(1058,-7.956557199152289,112.63166964054108),(1059,-7.957056599832412,112.63159453868866),(1060,-7.957699444493075,112.6317447423935),(1061,-7.959303895363183,112.63155698776245),(1062,-7.960770209207541,112.63151675462723),(1063,-7.961163350433165,112.63129279017448),(1064,-7.961676027275483,112.63085693120956),(1065,-7.963392029033151,112.63298660516739),(1066,-7.964967237940067,112.63585925102234),(1067,-7.966369779725708,112.63801574707031),(1068,-7.9668426052297034,112.63840198516846),(1069,-7.96694885807679,112.63851463794708),(1070,-7.967169332646558,112.63873994350433),(1071,-7.9673951197334745,112.638498544693),(1072,-7.96863296202063,112.63833224773407),(1073,-7.969223990547644,112.63840064406395),(1074,-7.97042065468205,112.63844758272171),(1075,-7.971840443661004,112.63851597905159),(1076,-7.972911590832073,112.63853408396244),(1077,-7.9734169481951,112.63724327087402),(1078,-7.975895248852173,112.63676583766937),(1079,-7.978716190164167,112.6369696855545),(1080,-7.980038997747596,112.63714402914047),(1081,-7.981053678574729,112.63789772987366),(1082,-7.98204445087803,112.63751685619354),(1083,-7.98516018833476,112.63635009527206),(1084,-7.986137669698272,112.63603493571281),(1085,-7.989266656808647,112.63490170240402),(1086,-7.989943981081877,112.63464018702507),(1087,-7.9923239037328315,112.63391733169556),(1088,-7.992480616902507,112.6339253783226),(1089,-7.993590888143696,112.63364240527153),(1090,-7.994177896358896,112.63348214328289),(1091,-7.994985363293059,112.6332813128829),(1092,-7.9958711845550905,112.63303756713867),(1093,-7.997134837793435,112.63271570205688),(1094,-7.997730805316183,112.63256683945656),(1095,-7.9977977063514025,112.63250716030598),(1096,-7.998731829585076,112.6322590559721),(1097,-7.999686701522877,112.63191774487495),(1098,-8.000067852840163,112.6317373663187),(1099,-8.002964325596157,112.63068526983261),(1100,-8.004560630530872,112.63025343418121),(1101,-8.005198088324875,112.63013273477554),(1102,-8.012082568929873,112.62912690639496),(1103,-8.013585877527543,112.6288452744484),(1104,-8.014773115552215,112.62869909405708),(1105,-8.015627021743795,112.62859918177128),(1106,-8.019583120510022,112.62802451848984),(1107,-8.02288714396557,112.62839198112488),(1108,-8.022972134568384,112.62855023145676),(1109,-8.02339177540933,112.63009786605835),(1110,-8.023790168211875,112.631476521492),(1111,-8.02377954440887,112.6315838098526),(1112,-8.024326669902297,112.63324677944183),(1113,-8.024422283990585,112.63350427150726),(1114,-8.024629447771394,112.63402462005615),(1115,-8.024714438009894,112.63457179069519),(1116,-8.024671942892859,112.63534426689148),(1117,-8.024597576427364,112.63632595539093),(1118,-8.02462413588089,112.63658344745636),(1119,-8.024995968047989,112.63784945011139),(1120,-8.02550590875247,112.63954997062683),(1121,-8.025776814491454,112.64004349708557),(1122,-8.026191140566446,112.64055848121643),(1123,-8.026249571132777,112.64062821865082),(1124,-8.02649391704639,112.64251112937927),(1125,-8.026523132308824,112.6427149772644),(1126,-8.026442126348705,112.64289200305939),(1127,-8.026233635524607,112.64288663864136),(1128,-8.025165948353903,112.64294564723969),(1129,-7.9346892286496375,112.6586902141571),(1130,-7.933966651929181,112.6587438583374),(1131,-7.933881642819749,112.65816450119019),(1132,-7.935581821668387,112.65797138214111),(1133,-7.935751839166486,112.65806794166565),(1134,-7.935804969620225,112.6592481136322),(1135,-7.936283143394773,112.65916228294373),(1136,-7.9359112305070925,112.65769243240356),(1137,-7.935082394861026,112.65602946281433),(1138,-7.934296062062207,112.6542055606842),(1139,-7.933615989239484,112.65268206596375),(1140,-7.932585251723062,112.6504397392273),(1141,-7.932383354381128,112.64991402626038),(1142,-7.932659634929305,112.64983892440796),(1143,-7.933552232354675,112.64971017837524),(1144,-7.9339772780666245,112.6497209072113),(1145,-7.936506290965835,112.64975309371948),(1146,-7.937760165540517,112.64978528022766),(1147,-7.938567743749416,112.64978528022766),(1148,-7.9394922063294695,112.649667263031),(1149,-7.940119139539129,112.6504397392273),(1150,-7.941001094807517,112.65137314796448),(1151,-7.941564270072543,112.65207052230835),(1152,-7.941851170382372,112.65236020088196),(1153,-7.942308085276834,112.65271425247192),(1154,-7.942733121931571,112.65295028686523),(1155,-7.943434431450111,112.65333652496338),(1156,-7.943689452796254,112.65359401702881),(1157,-7.944008229256187,112.65409827232361),(1158,-7.94435888307627,112.65454888343811),(1159,-7.945155822462681,112.65595436096191),(1160,-7.945655237022985,112.65674829483032),(1161,-7.946239657545449,112.6573920249939),(1162,-7.9467178191722105,112.65798211097717),(1163,-7.947482876616359,112.65900135040283),(1164,-7.9477272696660215,112.65920519828796),(1165,-7.947939785243082,112.65923738479614),(1166,-7.948683588896134,112.65913009643555),(1167,-7.948476386585398,112.65850782394409),(1168,-7.948354190301817,112.65792846679688),(1169,-7.947854779025461,112.65605092048645),(1170,-7.946834703040699,112.6541519165039),(1171,-7.948035417216861,112.6536476612091),(1172,-7.9488110979584325,112.65302538871765),(1173,-7.950638723497,112.65208125114441),(1174,-7.951754421131715,112.6514482498169),(1175,-7.952519469184499,112.65112638473511),(1176,-7.953284515810231,112.65081524848938),(1177,-7.953422649076667,112.65062212944031),(1178,-7.953199510700067,112.64979600906372),(1179,-7.9528913670280295,112.64913082122803),(1180,-7.952530094841843,112.64844417572021),(1181,-7.952976372202059,112.64783263206482),(1182,-7.953518279772321,112.64756441116333),(1183,-7.953560782296564,112.64778971672058),(1184,-7.953698915469951,112.6481544971466),(1185,-7.954272698922844,112.6494312286377),(1186,-7.95451708792749,112.65002131462097),(1187,-7.955345884336898,112.649667263031),(1188,-7.956790961248513,112.64918446540833),(1189,-7.959734227144113,112.64848709106445),(1190,-7.9584219794371505,112.64591217041016),(1191,-7.957067225372191,112.64415264129639),(1192,-7.95867167871724,112.64335870742798),(1193,-7.96017518393231,112.64241456985474),(1194,-7.959994551088504,112.64207124710083),(1195,-7.959792667227657,112.64156699180603),(1196,-7.960509885755958,112.64128804206848),(1197,-7.959888296437293,112.63969480991364),(1198,-7.959383586467813,112.63818204402924),(1199,-7.959287957140382,112.63807475566864),(1200,-7.958119152446524,112.63848781585693),(1201,-7.95790664214407,112.63784408569336),(1202,-7.959372960988082,112.63742566108704),(1203,-7.960382380331566,112.63700723648071),(1204,-7.96190181739114,112.63633131980896),(1205,-7.9613174191889575,112.63510823249817),(1206,-7.9608392745852985,112.63448596000671),(1207,-7.960446133048731,112.63384222984314),(1208,-7.959936111033751,112.63264060020447),(1209,-7.959744852614468,112.63220608234406),(1210,-7.959468590295679,112.63177156448364),(1211,-7.958926690590953,112.63114929199219),(1212,-7.958331662638803,112.63146042823792),(1213,-7.957683506207897,112.63171792030334),(1214,-7.956642203566345,112.63161063194275),(1215,-7.9565465735992795,112.63153553009033),(1216,-7.955898414345746,112.6314926147461),(1217,-7.95395393043702,112.63168573379517),(1218,-7.95324201325735,112.63176083564758),(1219,-7.952615100090756,112.63176083564758),(1220,-7.952041314318729,112.63170719146729),(1221,-7.951903180587069,112.63175010681152),(1222,-7.951371896570226,112.63157844543457),(1223,-7.950883114667006,112.63162136077881),(1224,-7.950415583605934,112.63002276420593),(1225,-7.950001180629112,112.62933611869812),(1226,-7.949012987226032,112.62736201286316),(1227,-7.948269184170046,112.6259458065033),(1228,-7.9480566687635665,112.62552738189697),(1229,-7.94754663133899,112.62464761734009),(1230,-7.946218405904662,112.62200832366943),(1231,-7.944613903848233,112.61950850486755),(1232,-7.945942134474348,112.6183819770813),(1233,-7.947939785243082,112.61704087257385),(1234,-7.949958677736014,112.61550664901733),(1235,-7.95214757100374,112.61808156967163),(1236,-7.952848864434411,112.61896133422852),(1237,-7.954030966177128,112.62001544237137),(1238,-7.955361822712964,112.62113392353058),(1239,-7.957874765589197,112.62345671653748),(1240,-7.959787354493122,112.62531280517578),(1241,-7.96048863485464,112.62577414512634),(1242,-7.961328044618257,112.6259458065033),(1243,-7.962114325621615,112.62592434883118),(1244,-7.962252455912298,112.62604236602783),(1245,-7.962411836959051,112.62591361999512),(1246,-7.962263081317336,112.62576341629028),(1247,-7.962103700212697,112.62467980384827),(1248,-7.962135576438586,112.62429624795914),(1249,-7.962135576438586,112.6238751411438),(1250,-7.962225892398462,112.62355595827103),(1251,-7.962565905245304,112.62357473373413),(1252,-7.962810289304634,112.62361764907837),(1253,-7.963054673218165,112.62360692024231),(1254,-7.963129050902037,112.62289345264435),(1255,-7.963283118918528,112.62229263782501),(1256,-7.963511564491464,112.62181520462036),(1257,-7.963910015767235,112.62119829654694),(1258,-7.96425533989268,112.62080132961273),(1259,-7.965509129654017,112.62001812458038),(1260,-7.9667044764872506,112.61938512325287),(1261,-7.9658491397750595,112.61776506900787),(1262,-7.966258214077742,112.61756658554077),(1263,-7.966529159170086,112.61751025915146),(1264,-7.966757602932167,112.61753976345062),(1265,-7.966996671848989,112.6176792383194),(1266,-7.967225115350201,112.61787235736847),(1267,-7.967490747168043,112.61814057826996),(1268,-7.967862631423455,112.61832296848297),(1269,-7.9682557658403885,112.618328332901),(1270,-7.968882655075483,112.61772215366364),(1271,-7.969907988788754,112.61675119400024),(1272,-7.9696051702909845,112.61597871780396),(1273,-7.969953145913956,112.61591166257858),(1274,-7.97051362511205,112.61554419994354),(1275,-7.970832380711653,112.61585533618927),(1276,-7.971623956043344,112.61530816555023),(1277,-7.972080837752511,112.61605381965637),(1278,-7.972192401813306,112.61612355709076),(1279,-7.972527093813112,112.61606991291046),(1280,-7.972920223748912,112.61626839637756),(1281,-7.972707721127829,112.61681020259857),(1282,-7.97306100667459,112.61696308851242),(1283,-7.97344616726139,112.61705160140991),(1284,-7.973807420999416,112.61705696582794),(1285,-7.974110236386946,112.61700868606567),(1286,-7.974381176280508,112.61687457561493),(1287,-7.973871171625952,112.61606991291046),(1288,-7.97409961128943,112.61579096317291),(1289,-7.974227112441472,112.61541545391083),(1290,-7.97432805082533,112.61437475681305),(1291,-7.974147424226097,112.6129800081253),(1292,-7.975135556999333,112.61280298233032),(1293,-7.97523251075842,112.61277481913567),(1294,-7.975217901289332,112.61268228292465),(1295,-7.974765007489138,112.61275470256805),(1296,-7.974189924609572,112.6128539443016),(1297,-7.973721092010146,112.61292904615402),(1298,-7.973365150754282,112.61297464370728),(1299,-7.973325306564575,112.61223435401917),(1300,-7.973298743769278,112.61198624968529),(1301,-7.973233664913516,112.6111252605915),(1302,-7.973164601626693,112.61097237467766),(1303,-7.973047725268576,112.61010468006134),(1304,-7.972973349386934,112.60959640145302),(1305,-7.972929520736065,112.60908141732216),(1306,-7.972821941300383,112.60863617062569),(1307,-7.97250584353555,112.60756865143776),(1308,-7.9722043551037265,112.60657623410225),(1309,-7.972199042530256,112.60647431015968),(1310,-7.972468655547167,112.60580107569695),(1311,-7.972557641085181,112.605632096529),(1312,-7.97226877005165,112.60529078543186),(1313,-7.972118025776161,112.60500311851501),(1314,-7.972014430559041,112.60478854179382),(1315,-7.9720064616951,112.60456323623657),(1316,-7.972009117983089,112.6040107011795),(1317,-7.972075525177437,112.60344743728638),(1318,-7.9719639610847866,112.60293245315552),(1319,-8.025150012703243,112.64297246932983),(1320,-8.026732950950127,112.64283299446106),(1321,-8.026647961133799,112.64262914657593),(1322,-8.02637174410794,112.64063358306885),(1323,-8.025723695733328,112.63970017433167),(1324,-8.024714438009894,112.63643860816956),(1325,-8.024788804454005,112.6341962814331),(1326,-8.023853911024041,112.63152480125427),(1327,-8.023758296802045,112.63140678405762),(1328,-8.022961510744006,112.62838125228882),(1329,-8.02281277717352,112.62757658958435),(1330,-8.021835383785156,112.62360692024231),(1331,-8.020199306985313,112.61907935142517),(1332,-8.01820200950159,112.61983036994934),(1333,-8.015992222133987,112.62019515037537),(1334,-8.01356994142312,112.62046337127686),(1335,-8.012783759496735,112.6204526424408),(1336,-8.012156937683624,112.62038826942444),(1337,-8.010510197813215,112.62007713317871),(1338,-8.007960393905755,112.61918663978577),(1339,-8.004688122169455,112.61810302734375),(1340,-8.002499510171793,112.61773824691772),(1341,-8.001500819238345,112.61780261993408),(1342,-8.000927102063567,112.61803865432739),(1343,-7.9943824193848085,112.62020587921143),(1344,-7.989218845641018,112.62194395065308),(1345,-7.988432616747956,112.62213706970215),(1346,-7.987986378054037,112.6224160194397),(1347,-7.985287686036588,112.62460470199585),(1348,-7.98475644534978,112.62509822845459),(1349,-7.984076456262486,112.62614965438843),(1350,-7.984273015724332,112.62699723243713),(1351,-7.984474887505636,112.62779653072357),(1352,-7.984687384009736,112.62883186340332),(1353,-7.98307240780624,112.6292234659195),(1354,-7.982761630403026,112.62809693813324),(1355,-7.982675303304621,112.62748539447784),(1356,-7.9825039771630095,112.62691676616669),(1357,-7.980904929710534,112.62759804725647),(1358,-7.981600861430657,112.6304143667221),(1359,-7.981882421255472,112.63170182704926),(1360,-7.981085553324294,112.63189494609833),(1361,-7.980607431819732,112.63189494609833),(1362,-7.980272746433711,112.6308810710907),(1363,-7.979396188171453,112.6311707496643),(1364,-7.979204938846239,112.63129949569702),(1365,-7.979109314150079,112.63153553009033),(1366,-7.978864939824913,112.63240993022919),(1367,-7.978801189976941,112.63253331184387),(1368,-7.977584628472873,112.63361692428589),(1369,-7.977377440781722,112.63348817825317),(1370,-7.977117127892725,112.63345062732697),(1371,-7.976952440061032,112.63347744941711),(1372,-7.976766502106812,112.63356328010559),(1373,-7.976628376714655,112.6336920261383),(1374,-7.976538063933029,112.6338529586792),(1375,-7.976508845087624,112.63398706912994),(1376,-7.976522126381249,112.63411045074463),(1377,-7.97585274864593,112.63426065444946),(1378,-7.974838054910186,112.63437330722809),(1379,-7.97489118029912,112.63461470603943),(1380,-7.975395871149803,112.63558566570282),(1381,-7.975767748220188,112.63641715049744),(1382,-7.975889936326638,112.63676583766937),(1383,-7.974354613553784,112.6367175579071),(1384,-7.973414291916247,112.6366800069809),(1385,-7.972410217272864,112.6365727186203),(1386,-7.9707526918350275,112.63643324375153),(1387,-7.9692917263467935,112.63634741306305),(1388,-7.9693129767912705,112.636878490448),(1389,-7.969233287618777,112.6383912563324),(1390,-7.967618250379393,112.63831615447998),(1391,-7.96741105764079,112.63827860355377),(1392,-7.967251678539748,112.63832688331604),(1393,-7.967118862574805,112.63829469680786),(1394,-7.967012609771826,112.63820886611938),(1395,-7.966746977643729,112.63821423053741),(1396,-7.966369779725708,112.63801574707031),(1397,-7.966136023095065,112.63775289058685),(1398,-7.965487879012079,112.63671219348907),(1399,-7.964778638204722,112.6355293393135),(1400,-7.96455816234767,112.63503313064575),(1401,-7.964531598983384,112.63494729995728),(1402,-7.961875253854584,112.63624548912048),(1403,-7.960366442150723,112.63689458370209),(1404,-7.959978612892572,112.63707160949707),(1405,-7.958586674724086,112.6375275850296),(1406,-7.956939718876701,112.63794600963593),(1407,-7.955499955279613,112.63828933238983),(1408,-7.953890176710119,112.63865947723389),(1409,-7.9524132125958324,112.63899207115173),(1410,-7.95080873476111,112.63932466506958),(1411,-7.9495177099604515,112.6395982503891),(1412,-7.9477750856804485,112.63997912406921),(1413,-7.947296925285425,112.64008641242981),(1414,-7.945926195732315,112.64047265052795),(1415,-7.944789230537056,112.64083206653595),(1416,-7.943652262193137,112.64132022857666),(1417,-7.942217764931025,112.641921043396),(1418,-7.94096921693924,112.64246821403503),(1419,-7.939460328344096,112.64317631721497),(1420,-7.93914951785707,112.64329969882965),(1421,-7.937659218152816,112.64408826828003),(1422,-7.936453160602767,112.64477491378784),(1423,-7.934009156477301,112.64613211154938),(1424,-7.932484303064487,112.64697432518005),(1425,-7.931145402722547,112.64774680137634),(1426,-7.9296683568125,112.64855146408081),(1427,-7.929158296561172,112.64883041381836),(1428,-7.93019435578427,112.65074014663696),(1429,-7.930717697528008,112.6521161198616),(1430,-7.931347300672259,112.65365302562714),(1431,-7.932654321843586,112.65662491321564),(1432,-7.9328030882176375,112.65709698200226),(1433,-7.932904036797946,112.65755832195282),(1434,-7.932973106864936,112.65826642513275),(1435,-7.933015611515774,112.65937685966492),(1436,-7.933111246964093,112.65942513942719),(1437,-7.935071768752157,112.65932321548462),(1438,-7.935794343530032,112.65926420688629),(1439,-7.935735900029035,112.65808403491974),(1440,-7.935597760811831,112.65797138214111),(1441,-7.933849764399175,112.65814304351807),(1442,-7.933961338860358,112.65872240066528),(1443,-7.934657350291682,112.65868484973907);
/*!40000 ALTER TABLE `point` ENABLE KEYS */;
UNLOCK TABLES;
/*!40103 SET TIME_ZONE=@OLD_TIME_ZONE */;

/*!40101 SET SQL_MODE=@OLD_SQL_MODE */;
/*!40014 SET FOREIGN_KEY_CHECKS=@OLD_FOREIGN_KEY_CHECKS */;
/*!40014 SET UNIQUE_CHECKS=@OLD_UNIQUE_CHECKS */;
/*!40101 SET CHARACTER_SET_CLIENT=@OLD_CHARACTER_SET_CLIENT */;
/*!40101 SET CHARACTER_SET_RESULTS=@OLD_CHARACTER_SET_RESULTS */;
/*!40101 SET COLLATION_CONNECTION=@OLD_COLLATION_CONNECTION */;
/*!40111 SET SQL_NOTES=@OLD_SQL_NOTES */;

-- Dump completed on 2017-08-28  7:19:21
